-0.26654,-0.64562,-0.42014,0.89136,1
0.7049,0.17174,-1.7859,0.36119,1
-2.343,12.9516,3.3285,-5.9426,0
-1.9116,-6.1603,5.606,0.48533,1
3.8999,1.734,1.6011,0.96765,0
-3.1273,-7.1121,11.3897,-0.083634,1
0.38478,6.5989,-0.3336,-0.56466,0
-3.1366,0.42212,2.6225,-0.064238,1
3.2704,6.9321,-1.0456,0.23447,0
0.2952,4.8856,-5.149,-6.2323,1
4.4682,2.2907,0.95766,0.83058,0
3.5829,1.4423,1.0219,1.4008,0
5.7456,10.1808,-4.7857,-4.3366,0
5.9374,6.1664,-2.5905,-0.36553,0
0.94732,-0.57113,7.1903,-0.67587,0
4.7965,6.9859,-1.9967,-0.35001,0
-2.7083,-6.8266,7.5339,0.59007,1
-0.048008,-1.6037,8.4756,0.75558,0
4.8906,-3.3584,3.4202,1.0905,0
-1.7263,-6.0237,5.2419,0.29524,1
-3.2238,2.7935,0.32274,-0.86078,1
5.7353,5.2808,-2.2598,0.075416,0
4.1665,-0.4449,0.23448,0.27843,0
-2.1059,1.1815,-0.53324,-0.82716,1
4.1542,7.2756,-2.4766,-1.2099,0
-1.3887,-4.8773,6.4774,0.34179,1
-1.8046,-6.8141,6.7019,1.1681,1
0.0096613,3.5612,-4.407,-4.4103,1
-4.2091,4.7283,-0.49126,-5.2159,1
-1.9725,2.8825,-2.3086,-2.3724,1
-1.6162,0.80908,8.1628,0.60817,0
-2.0529,3.8385,-0.79544,-1.2138,1
4.1736,3.3336,-1.4244,0.60429,0
-4.1958,-8.1819,12.1291,-1.6017,1
0.81356,9.1566,-2.1492,-4.1814,0
-4.2249,6.2699,0.15822,-5.5457,1
3.0948,8.7324,-2.9007,-0.96682,0
5.6084,10.3009,-4.8003,-4.3534,0
2.6648,10.754,-3.3994,-4.1685,0
1.8205,6.7562,0.0099913,0.39481,0
-1.6706,-2.09,1.584,0.71162,1
0.50813,0.47799,-1.9804,0.57714,1
2.3729,10.4726,-3.0087,-3.2013,0
-2.7419,11.4038,2.5394,-5.5793,0
4.1654,-3.4495,3.643,1.0879,0
2.0153,0.43661,4.5864,-0.3151,0
3.8197,8.9951,-4.383,-4.0327,0
3.534,9.3614,-3.6316,-1.2461,0
-2.3147,3.6668,-0.6969,-1.2474,1
-2.659,-1.6058,1.3647,0.16464,1
-0.24811,-0.17797,4.9068,0.15429,0
-2.0336,-1.4092,1.1582,0.36507,1
-1.8411,10.8306,2.769,-3.0901,0
1.6988,2.9094,2.9044,0.11033,0
0.65497,5.1815,1.0673,-0.42113,0
-4.3773,-5.5167,10.939,-0.4082,1
3.6289,0.81322,1.6277,0.77627,0
0.75736,3.0294,2.9164,-0.068117,0
0.30081,0.17381,-1.7542,0.48921,1
2.5089,6.841,-0.029423,0.44912,0
3.3756,-4.0951,4.367,1.0698,0
4.6689,1.3098,0.055404,1.909,0
-1.6001,-9.5828,9.4044,0.081882,1
0.86202,2.6963,4.2908,0.54739,0
1.6406,3.5488,1.3964,-0.36424,0
-1.7104,-4.778,6.2109,0.3974,1
1.3451,0.23589,-1.8785,1.3258,1
-1.6176,1.0926,-0.35502,-0.59958,1
-2.5419,-0.65804,2.6842,1.1952,1
4.2406,-2.4852,1.608,0.7155,0
2.877,-4.0599,3.6259,-0.32544,0
-2.8957,-12.0205,11.9149,-2.7552,1
5.0214,8.0764,-3.0515,-1.7155,0
-0.40951,-0.15521,0.060545,-0.088807,1
4.2478,7.6956,-2.7696,-1.0767,0
-4.7462,3.1205,1.075,-1.2966,1
-4.6338,-12.7509,16.7166,-3.2168,1
1.2198,2.0982,-3.1954,0.12843,1
-1.3946,2.3134,-0.44499,-1.4905,1
-1.48,-10.5244,9.9176,-0.5026,1
2.888,0.44696,4.5907,-0.24398,0
3.106,9.5414,-4.2536,-4.003,0
4.0296,2.6756,0.80685,0.71679,0
-2.0285,3.8468,-0.63435,-1.175,1
-0.77848,3.4019,-3.4859,-3.5569,1
2.6463,-4.8152,6.3549,0.003003,0
0.92703,9.4318,-0.66263,-1.6728,0
0.72252,-0.053811,5.6703,-1.3509,0
3.0242,-3.3378,2.5865,-0.54785,0
-2.0042,-9.3676,9.3333,-0.10303,1
-0.83535,0.80494,-1.6411,-0.19225,1
0.55939,-0.3104,0.18307,0.44653,1
-1.0401,9.3987,0.85998,-5.3336,0
3.5288,0.71596,1.9507,1.9375,0
-0.8471,3.1329,-3.0112,-2.9388,1
2.5678,3.5136,0.61406,-0.40691,0
-0.91718,9.9884,1.1804,-5.2263,0
0.96788,7.1907,1.2798,-2.4565,0
-1.3414,-2.0776,2.8093,0.60688,1
5.0617,-0.35799,0.44698,0.99868,0
-2.3242,11.5176,1.8231,-5.375,0
-0.4294,-0.14693,0.044265,-0.15605,1
-0.1269,-1.1505,-0.95138,0.57843,1
3.9899,-2.7066,2.3946,0.86291,0
-2.799,1.9679,-0.42357,-2.1125,1
1.4507,8.7903,-2.2324,-0.65259,0
3.6277,0.9829,0.68861,0.63403,0
3.9433,2.5017,1.5215,0.903,0
-2.2261,12.5398,2.9438,-3.5258,0
0.89512,4.7738,-4.8431,-5.5909,1
-0.40857,3.0977,-2.9607,-2.6892,1
-2.8267,-9.0407,9.0694,-0.98233,1
-0.12624,10.3216,-3.7121,-6.1185,0
-1.6641,-1.3678,1.997,0.52283,1
4.5707,7.2094,-3.2794,-1.4944,0
-0.55008,2.8659,-1.6488,-2.4319,1
0.56232,1.0015,-2.2726,-0.0060486,1
0.83292,7.5404,0.65005,-0.92544,0
-1.7479,-5.823,5.8699,1.212,1
-3.7747,2.5162,0.83341,-0.30993,1
4.0972,0.46972,1.6671,0.91593,0
5.086,3.2798,-1.2701,1.1189,0
-1.7279,-6.841,8.9494,0.68058,1
2.0165,-0.25246,5.1707,1.0763,0
-1.7064,3.3088,-2.2829,-2.1978,1
1.9157,6.0816,0.23705,-2.0116,0
-0.82053,0.65181,-0.48869,-0.52716,1
0.61652,3.8944,-4.7275,-4.3948,1
-4.8392,6.6755,-0.24278,-6.5775,1
-2.7914,1.7734,6.7756,-0.39915,0
-1.7976,-6.7686,6.6753,0.89912,1
4.4072,-0.070365,2.0416,1.1319,0
-2.0441,1.2271,0.18564,-1.091,1
-0.59587,2.4811,-2.8673,-0.89828,1
-0.60254,1.7237,-2.1501,-0.77027,1
3.4663,1.1112,1.7425,1.3388,0
-3.8203,-13.0551,16.9583,-2.3052,1
-1.4781,0.14277,-1.1622,-0.48579,1
0.24261,0.57318,-1.9402,0.44007,1
-2.0149,3.6874,-1.9385,-3.8918,1
1.1558,6.4003,1.5506,0.6961,0
1.5902,2.2948,3.2403,0.18404,0
1.0182,9.109,-0.62064,-1.7129,0
-1.2792,2.1376,-0.47584,-1.3974,1
3.5438,1.2395,1.997,2.1547,0
-1.7063,2.7956,-2.378,-2.3491,1
1.7317,-0.34765,4.1905,-0.99138,0
4.7432,2.1086,0.1368,1.6543,0
0.75896,0.29176,-1.6506,0.83834,1
1.9358,8.1654,-0.023425,-2.2586,0
-3.5916,-6.2285,10.2389,-1.1543,1
-3.38,-0.7077,2.5325,0.71808,1
-2.5084,-0.22763,1.488,1.2069,1
-1.7781,0.8546,7.1303,0.027572,0
-2.5961,-9.349,9.7942,-0.28018,1
0.53936,3.8944,-4.8166,-4.3418,1
-0.62684,-6.301,4.7843,1.106,1
-0.64326,2.4748,-2.9452,-1.0276,1
3.757,-5.4236,3.8255,-1.2526,0
-0.61442,-0.091058,-0.31818,0.50214,1
1.1317,3.9647,3.3979,0.84351,0
-5.0477,-5.8023,11.244,-0.3901,1
-0.16108,-6.4624,8.3573,-1.5216,0
2.9736,8.7944,-3.6359,-1.3754,0
-1.4628,-1.5706,2.4357,0.49826,1
-2.3221,-9.3304,9.233,-0.79871,1
-1.803,11.8818,2.0458,-5.2728,0
0.3434,0.12415,-0.28733,0.14654,1
-1.3274,9.498,2.4408,-5.2689,0
0.18868,0.70148,-0.51182,0.0055892,1
-0.93587,-5.1008,4.5367,1.3866,1
2.0843,6.6258,0.48382,-2.2134,0
-0.17296,-1.1816,1.3818,0.7336,1
2.9856,7.2673,-0.409,-2.2431,0
2.6562,10.7044,-3.3085,-4.0767,0
1.0117,0.9022,-2.3506,0.42714,1
5.0297,-4.9704,3.5025,-0.23751,0
5.8862,5.8747,-2.8167,-0.30087,0
1.5478,9.1814,-1.6326,-1.7375,0
-0.36025,-4.449,2.1067,0.94308,1
-1.3907,-1.3781,2.3055,-0.021566,1
3.4985,3.1639,0.22677,-0.1651,0
-3.3125,0.10139,0.55323,-0.2957,1
-1.3612,10.694,1.7022,-2.9026,0
-2.2173,1.4671,-0.72689,-1.1724,1
3.4566,9.5228,-4.0112,-3.5944,0
-0.65767,-2.8018,3.7115,0.99739,1
1.1811,8.3847,-2.0567,-0.90345,0
-1.8215,2.7521,-0.72261,-2.353,1
1.8993,7.6625,0.15394,-3.1108,0
2.1721,-0.73874,5.4672,-0.72371,0
-2.3983,12.606,2.9464,-5.7888,0
3.1088,3.1122,0.80857,0.4336,0
-7.0364,9.2931,0.16594,-4.5396,1
4.1529,-3.9358,2.8633,-0.017686,0
-3.5741,3.944,-0.07912,-2.1203,1
-4.1479,7.1225,-0.083404,-6.4172,1
1.0009,7.7846,-0.28219,-2.6608,0
-1.8343,-6.5907,5.6429,0.54998,1
-2.7908,-5.7133,5.953,0.45946,1
1.742,-4.809,8.2142,-2.0659,0
-1.2943,2.6735,-0.84085,-2.0323,1
-2.899,-0.60424,2.6045,1.3776,1
2.3164,-2.628,3.1529,-0.08622,0
0.90407,3.3708,-4.4987,-3.6965,1
-2.3361,11.9604,3.0835,-5.4435,0
-1.2369,-1.6906,2.518,0.51636,1
-1.1804,11.5093,0.15565,-6.8194,0
3.3004,7.0811,-1.3258,0.22283,0
0.5415,6.0319,1.6825,-0.46122,0
3.7798,-3.3109,2.6491,0.066365,0
0.96414,5.616,2.2138,-0.12501,0
0.68087,2.3259,4.9085,0.54998,0
-0.81479,-5.7381,4.3919,0.3211,1
4.65,-4.8297,3.4553,-0.25174,0
2.1319,-2.0403,2.5574,-0.061652,0
1.6849,8.7489,-1.2641,-1.3858,0
4.1605,11.2196,-3.6136,-4.0819,0
-3.8894,-7.8322,9.8208,0.47498,1
-0.83121,0.039307,0.05369,-0.23105,1
5.1776,8.2316,-3.2511,-1.5694,0
-3.9594,4.0289,-0.35845,-3.8957,1
4.6361,-2.6611,2.8358,1.1991,0
3.5761,9.7753,-3.9795,-3.4638,0
3.5189,6.332,-1.7791,-0.020273,0
2.9421,7.4101,-0.97709,-0.88406,0
4.6054,-4.0765,2.7587,0.31981,0
-1.5621,-2.2121,4.2591,0.27972,1
-2.2677,3.2964,-2.2563,-2.4642,1
-0.49241,0.89392,-1.6283,-0.56854,1
-0.016103,9.7484,0.15394,-1.6134,0
-0.82601,2.9611,-1.2864,-1.4647,1
-2.0897,10.8265,2.3603,-3.4198,0
4.1927,-3.2674,2.5839,0.21766,0
5.262,3.9834,-1.5572,1.0103,0
-4.9462,3.5716,0.82742,-1.4957,1
-1.366,0.18416,0.90539,1.5806,1
-1.4427,3.2922,-1.9702,-3.4392,1
0.91315,3.3377,-4.0557,-1.6741,1
3.7791,2.5762,1.3098,0.5655,0
-1.8782,-6.5865,4.8486,-0.021566,1
2.6799,3.1349,0.34073,0.58489,0
0.14329,-1.0885,1.0039,0.48791,1
0.77805,6.6424,-1.1425,-1.0573,0
1.0987,0.6394,5.989,-0.58277,0
2.1265,6.8783,0.44784,-2.2224,0
-3.9933,2.6218,0.62863,-1.1595,1
-0.36372,3.0439,-3.4816,-2.7836,1
2.8232,10.8513,-3.1466,-3.9784,0
4.3937,0.35798,2.0416,1.2004,0
-0.2361,9.3221,2.1307,-4.3793,0
-5.8818,7.6584,0.5558,-2.9155,1
3.2422,6.2265,0.12224,-1.4466,0
-6.7526,8.8172,-0.061983,-3.725,1
-2.9498,-8.273,10.2646,1.1629,1
-5.0301,7.5032,-0.13396,-7.5034,1
3.5594,1.3078,1.291,1.6556,0
-1.8554,-9.6035,7.7764,-0.97716,1
-0.72068,-6.7583,5.8408,0.62369,1
-1.9458,11.2217,1.9079,-3.4405,0
-1.5572,-9.8808,8.1088,-1.0806,1
0.25035,9.3262,-3.6873,-6.2543,0
5.504,10.3671,-4.413,-4.0211,0
-4.4861,-13.2889,17.3087,-3.2194,1
5.591,10.4643,-4.3839,-4.3379,0
3.8969,7.4163,-1.8245,0.14007,0
2.4008,9.3593,-3.3565,-3.3526,0
4.052,-0.16555,0.45383,0.51248,0
2.4673,1.3926,1.7125,0.41421,0
1.162,10.2926,-1.2821,-4.0392,0
4.7285,2.1065,-0.28305,1.5625,0
-0.28696,3.1784,-3.5767,-3.1896,1
-0.39816,5.9781,1.3912,-1.1621,0
3.3577,-4.3062,6.0241,0.18274,0
3.7818,-2.8846,2.2558,-0.15734,0
-1.2786,-2.4087,4.5735,0.47627,1
1.3049,-0.15521,6.4911,-0.75346,0
2.5068,1.1588,3.9249,0.12585,0
-0.69879,-3.3771,4.1211,1.5043,1
-4.9447,3.3005,1.063,-1.444,1
0.60731,3.9544,-4.772,-4.4853,1
1.941,0.46351,4.6472,1.0879,0
-2.9883,0.31245,0.45041,0.068951,1
0.89566,7.7763,-2.7473,-1.9353,0
-2.4621,2.7645,-0.62578,-2.8573,1
-0.21661,8.0329,1.8848,-3.8853,0
0.96574,8.393,-1.361,-1.4659,0
0.74841,7.2756,1.1504,-0.5388,0
-3.1423,-13.0365,15.6773,-0.66165,1
2.1464,6.0795,-0.5778,-2.2302,0
1.2999,2.5762,2.0107,-0.18967,0
-2.3142,-0.68494,1.9833,-0.44829,1
4.9249,0.68906,0.77344,1.2095,0
2.4486,-6.3175,7.9632,0.20602,0
5.0429,-0.52974,0.50439,1.106,0
0.63655,5.2022,-5.2159,-6.1211,1
0.24835,7.6439,0.9885,-0.87371,0
2.2596,-0.033118,4.7355,-0.2776,0
2.0051,-6.8638,8.132,-0.2401,0
3.3848,3.2674,0.90967,0.25128,0
-1.1667,-1.4237,2.9241,0.66119,1
-0.29858,2.4769,-2.9512,-0.66165,1
-2.2804,-0.30626,1.3347,1.3763,1
4.6464,10.5326,-4.5852,-4.206,0
4.4549,2.4976,1.0313,0.96894,0
-3.2854,4.0372,-0.45356,-1.8228,1
-0.91318,-2.0113,-0.19565,0.066365,1
-0.7056,8.7241,2.2215,-4.5965,0
4.8272,3.0687,0.68604,0.80731,0
2.3136,10.6651,-3.5288,-4.7672,0
0.75108,1.9161,-3.1098,-0.20518,1
-2.5899,-0.3911,0.93452,0.42972,1
-0.87874,-2.2121,-0.051701,0.099985,1
-7.0421,9.2,0.25933,-4.6832,1
-2.1234,1.1815,-0.55552,-0.81165,1
3.5862,-3.0957,2.8093,0.24481,0
1.0194,1.1029,-2.3,0.59395,1
0.87603,6.8141,0.84198,-0.17156,0
1.7819,6.9176,-1.2744,-1.5759,0
3.4465,2.9508,1.0271,0.5461,0
1.0235,6.901,-2.0062,-2.7125,0
0.26517,2.4066,-2.8416,-0.59958,1
-1.1005,-7.2508,6.0139,0.36895,1
-5.873,9.1752,-0.27448,-6.0422,1
0.51947,-3.2633,3.0895,-0.98492,0
3.7522,-3.6978,3.9943,1.3051,0
3.866,-2.6383,1.9242,0.10645,0
1.2247,8.7779,-2.2135,-0.80647,0
4.6439,-3.3729,2.5976,0.55257,0
4.2899,9.1814,-4.6067,-4.3263,0
-1.4217,11.6542,-0.057699,-7.1025,0
-1.5222,10.8409,2.7827,-4.0974,0
-4.5046,-5.8126,10.8867,-0.52846,1
2.093,8.3061,0.022844,-3.2724,0
3.4591,11.112,-4.2039,-5.0931,0
1.581,0.86909,-2.3138,0.82412,1
-2.7611,-10.5099,9.0239,-1.9547,1
-2.1979,-2.1252,1.7151,0.45171,1
-1.3,10.2678,-2.953,-5.8638,0
-1.3,10.2678,-2.953,-5.8638,0
-1.3,10.2678,-2.953,-5.8638,0
-4.4996,3.4288,0.56265,-1.1672,1
-1.8076,-8.8131,8.7086,-0.21682,1
0.67886,4.1199,-4.569,-4.1414,1
-1.0802,2.1996,-2.5862,-1.2759,1
3.6894,9.887,-4.0788,-4.3664,0
3.82,10.9279,-4.0112,-5.0284,0
-5.2943,-5.1463,10.3332,-1.1181,1
3.6702,2.9942,0.85141,0.30688,0
6.5633,9.8187,-4.4113,-3.2258,0
4.2027,0.22761,0.96108,0.97282,0
5.2032,3.5116,-1.2538,1.0129,0
-1.6637,3.2881,-2.2701,-2.2224,1
3.4893,6.69,-1.2042,-0.38751,0
-2.4941,3.5447,-1.3721,-2.8483,1
-1.4454,-8.4385,8.8483,0.96894,1
-5.2406,6.6258,-0.19908,-6.8607,1
3.7635,2.7811,0.66119,0.34179,0
0.14783,7.946,1.0742,-3.3409,0
4.0329,0.23175,0.89082,1.1823,0
-1.0833,-0.31247,1.2815,0.41291,1
4.7181,10.0153,-3.9486,-3.8582,0
-2.1786,-6.4479,6.0344,-0.20777,1
-0.23356,3.2405,-3.0669,-2.7784,1
1.2279,4.0309,-4.6435,-3.9125,1
2.0177,1.7982,-2.9581,0.2099,1
0.23874,2.0879,-3.3522,-0.66553,1
2.6719,3.0646,0.37158,0.58619,0
-1.5768,10.843,2.5462,-2.9362,0
4.9342,2.4107,-0.17594,1.6245,0
3.7982,10.423,-4.1602,-4.9728,0
1.4276,8.3847,-2.0995,-1.9677,0
-3.8053,2.4273,0.6809,-1.0871,1
-3.5798,0.45937,2.3457,-0.45734,1
4.3435,3.3295,0.83598,0.64955,0
1.1315,7.9212,1.093,-2.8444,0
2.7206,9.0821,-3.3111,-0.96811,0
2.1616,-6.8804,8.1517,-0.081048,0
-0.75793,2.5349,-3.0464,-1.2629,1
4.3846,-4.8794,3.3662,-0.029324,0
1.3518,1.0595,-2.3437,0.39998,1
-2.2527,11.5321,2.5899,-3.2737,0
-3.3884,-8.215,10.3315,0.98187,1
-1.8974,3.5074,-1.7842,-3.8491,1
-3.0799,0.60836,2.7039,-0.23751,1
4.9362,7.6046,-2.3429,-0.85302,0
4.1757,10.2615,-3.8552,-4.3056,0
-0.60975,-4.002,1.8471,0.6017,1
0.29961,7.1328,-0.31475,-1.1828,0
0.21431,-0.69529,0.87711,0.29653,1
4.5691,-4.4552,3.1769,0.0042961,0
2.7961,2.121,1.8385,0.38317,0
-3.5681,-8.213,10.083,0.96765,1
3.9719,1.0367,0.75973,1.0013,0
1.7452,4.8028,2.0878,0.62627,0
2.483,6.6155,-0.79287,-0.90863,0
0.1848,6.5079,2.0133,-0.87242,0
1.3419,-4.4221,8.09,-1.7349,0
0.5734,9.1938,-0.9094,-1.872,0
3.2303,7.8384,-3.5348,-1.2151,0
1.5701,7.9129,0.29018,-2.1953,0
1.4479,-4.8794,8.3428,-2.1086,0
0.6005,0.99945,-2.2126,0.097399,1
0.86736,5.5643,1.6765,-0.16769,0
-1.749,-6.332,6.0987,0.14266,1
-1.1022,-5.8395,4.5641,0.68705,1
3.7321,-3.884,3.3577,-0.0060486,0
-4.0218,-8.304,12.555,-1.5099,1
5.0185,8.5978,-2.9375,-1.281,0
0.12126,0.22347,-0.47327,0.97024,1
2.6682,10.216,-3.4414,-4.0069,0
-1.5252,-6.2534,5.3524,0.59912,1
-4.2887,-7.8633,11.8387,-1.8978,1
4.988,7.2052,-3.2846,-1.1608,0
0.49571,10.2243,-1.097,-4.0159,0
-2.565,-5.7899,6.0122,0.046968,1
-2.2153,11.9625,0.078538,-7.7853,0
0.518,0.25865,-0.84085,0.96118,1
2.6213,5.7919,0.065686,-1.5759,0
-5.525,6.3258,0.89768,-6.6241,1
-2.5701,-6.8452,8.9999,2.1353,1
-4.3967,4.9601,-0.64892,-5.4719,1
-1.682,-6.8121,7.1398,1.3323,1
4.6765,-3.3895,3.4896,1.4771,0
-4.1429,2.7749,0.68261,-0.71984,1
-3.0986,-10.4602,8.9717,-2.3427,1
1.5673,7.9274,-0.056842,-2.1694,0
2.3678,-6.839,8.4207,-0.44829,0
-1.8439,-8.6475,7.6796,-0.66682,1
3.9479,-3.7723,2.883,0.019813,0
-3.0265,-0.062088,0.68604,-0.055186,1
4.4295,-2.3507,1.7048,0.90946,0
1.8373,6.1292,0.84027,0.55257,0
-3.518,2.8763,0.1548,-1.2086,1
-3.5933,0.22968,0.7126,-0.3332,1
3.9232,-3.2467,3.4579,0.83705,0
-2.9146,4.0537,-0.45699,-4.0327,1
-0.025314,-0.17383,-0.11339,1.2198,1
4.0713,10.4023,-4.1722,-4.7582,0
3.1541,-5.1711,6.5991,0.57455,0
-3.73,-12.9723,12.9817,-2.684,1
-0.89569,3.0025,-3.6067,-3.4457,1
0.11032,1.9741,-3.3668,-0.65259,1
2.5367,2.599,2.0938,0.20085,0
-1.9881,0.99945,-0.28562,-0.70044,1
0.83625,1.1071,-2.4706,-0.062945,1
-2.7028,1.6327,0.83598,-0.091393,1
-0.21394,-0.68287,0.096532,1.1965,1
-1.2576,1.5892,7.0078,0.42455,0
3.0009,5.8126,-2.2306,-0.66553,0
-1.5732,1.0636,-0.71232,-0.8388,1
-1.3414,-1.9162,-0.15538,-0.11984,1
-2.2214,-0.23798,0.56008,0.05602,1
-3.5985,-13.6593,17.6052,-2.4927,1
3.7831,10.0526,-3.8869,-3.7366,0
-1.1391,1.8127,6.9144,0.70127,0
-0.41965,2.9094,-1.7859,-2.2069,1
2.9233,6.0464,-0.11168,-0.58665,0
1.1644,3.8095,-4.9408,-4.0909,1
-2.6406,-4.4159,5.983,-0.13924,1
-0.69745,-1.7672,-0.34474,-0.12372,1
-1.3995,-1.9162,2.5154,0.59912,1
-0.8172,3.3812,-3.6684,-3.456,1
-4.211,-12.4736,14.9704,-1.3884,1
-4.6765,-5.6636,10.969,-0.33449,1
1.9265,7.7557,-0.16823,-3.0771,0
-4.0786,2.9239,0.87026,-0.65389,1
-1.7599,11.9211,2.6756,-3.3241,0
0.56953,7.6294,1.5754,-3.2233,0
-0.36038,4.1158,3.1143,-0.37199,0
0.94225,5.8561,1.8762,-0.32544,0
-2.0659,1.0512,-0.46298,-1.0974,1
4.3684,9.6718,-3.9606,-3.1625,0
-1.4904,-2.2183,1.6054,0.89394,1
2.5698,-4.4076,5.9856,0.078002,0
1.04,-6.9321,8.2888,-1.2991,0
0.88872,5.3449,2.045,-0.19355,0
2.2893,3.733,0.6312,-0.39786,0
0.32444,10.067,-1.1982,-4.1284,0
4.8851,1.5995,-0.00029081,1.6401,0
-2.6989,12.1984,0.67661,-8.5482,0
-5.4414,7.2363,0.10938,-7.5642,1
5.0691,0.21313,0.20278,1.2095,0
-2.121,-0.05588,1.949,1.353,1
4.4338,9.887,-4.6795,-3.7483,0
1.7496,-0.1759,5.1827,1.2922,0
1.2616,4.4303,-1.3335,-1.7517,0
0.47368,3.3605,-4.5064,-4.0431,1
-1.7713,-10.7665,10.2184,-1.0043,1
-0.74324,-0.32902,-0.42785,0.23317,1
2.2517,-5.1422,4.2916,-1.2487,0
-3.9204,4.0723,-0.23678,-2.1151,1
2.2546,8.0992,-0.24877,-3.2698,0
0.5706,-0.0248,1.2421,-0.5621,0
0.5706,-0.0248,1.2421,-0.5621,0
0.5706,-0.0248,1.2421,-0.5621,0
0.5706,-0.0248,1.2421,-0.5621,0
-4.244,-13.0634,17.1116,-2.8017,1
1.6799,4.2068,-4.5398,-2.3931,1
0.0040545,0.62905,-0.64121,0.75817,1
0.040498,8.5234,1.4461,-3.9306,0
0.045304,6.7334,1.0708,-0.9332,0
3.2585,-4.4614,3.8024,-0.15087,0
0.58982,7.4266,1.2353,-2.9595,0
3.4776,8.811,-3.1886,-0.92285,0
-4.0173,-8.3123,12.4547,-1.4375,1
4.2969,7.617,-2.3874,-0.96164,0
5.2423,11.0272,-4.353,-4.1013,0
0.88298,0.66009,6.0096,-0.43277,0
3.9529,-2.3548,2.3792,0.48274,0
-1.786,-8.1157,7.0858,-1.2112,1
-0.95923,-6.7128,4.9857,0.32886,1
4.9923,7.8653,-2.3515,-0.71984,0
3.8213,0.23175,2.0133,2.0564,0
-1.9555,0.20692,1.2473,-0.3707,1
2.9571,-4.5938,5.9068,0.57196,0
2.994,7.2011,-1.2153,0.3211,0
2.4226,-4.5752,5.947,0.21507,0
-3.5895,-6.572,10.5251,-0.16381,1
-4.8426,-4.9932,10.4052,-0.53104,1
4.3365,-3.584,3.6884,0.74912,0
4.5597,-2.4211,2.6413,1.6168,0
2.0597,-0.99326,5.2119,-0.29312,0
-0.64472,-4.6062,8.347,-2.7099,0
3.4092,5.4049,-2.5228,-0.89958,0
0.11739,6.2761,-1.5495,-2.4746,0
5.7823,5.5788,-2.4089,-0.056479,0
-3.2778,1.8023,0.1805,-2.3931,1
-6.3364,9.2848,0.014275,-6.7844,1
1.7425,3.6833,-4.0129,-1.7207,1
-2.1668,1.5933,0.045122,-1.678,1
-0.11996,6.8741,0.91995,-0.6694,0
-0.10234,1.8189,-2.2169,-0.56725,1
2.7744,6.8576,-1.0671,0.075416,0
2.8969,0.70768,2.29,1.8663,0
-1.9409,-8.6848,9.155,0.94049,1
1.5691,6.3465,-0.1828,-2.4099,0
-3.2305,-7.2135,11.6433,-0.94613,1
5.4188,10.1457,-4.084,-3.6991,0
-3.8953,4.0392,-0.3019,-2.1836,1
3.966,3.9213,0.70574,0.33662,0
0.6818,4.8504,-5.2133,-6.1043,1
-2.6649,-12.813,12.6689,-1.9082,1
4.8451,8.1116,-2.9512,-1.4724,0
-2.484,12.1611,2.8204,-3.7418,0
0.030219,-1.0512,1.4024,0.77369,1
-0.77995,3.2322,-3.282,-3.1004,1
4.0026,-3.5943,3.5573,0.26809,0
0.84546,3.4826,-3.6307,-1.3961,1
-0.69572,8.6165,1.8419,-4.3289,0
0.9297,-3.7971,4.6429,-0.2957,0
0.9297,-3.7971,4.6429,-0.2957,0
0.9297,-3.7971,4.6429,-0.2957,0
0.5195,-3.2633,3.0895,-0.9849,0
0.5195,-3.2633,3.0895,-0.9849,0
0.5195,-3.2633,3.0895,-0.9849,0
0.5195,-3.2633,3.0895,-0.9849,0
4.1197,-2.7956,2.0707,0.67412,0
-1.6386,3.3584,-1.7302,-3.5646,1
2.031,1.852,-3.0121,0.003003,1
2.8237,2.8597,0.19678,0.57196,0
2.1526,-6.1665,8.0831,-0.34355,0
1.8592,3.2074,-0.15966,-0.26208,0
1.0552,1.1857,-2.6411,0.11033,1
-3.3604,-0.32696,2.1324,0.6017,1
3.5358,6.7086,-0.81857,0.47886,0
4.0215,-2.1914,2.4648,1.1409,0
2.1881,2.7356,1.3278,-0.1832,0
3.8027,0.81529,2.1041,1.0245,0
4.1425,-3.6792,3.8281,1.6297,0
-1.8584,7.886,-1.6643,-1.8384,0
-1.8584,7.886,-1.6643,-1.8384,0
-1.8584,7.886,-1.6643,-1.8384,0
0.48797,3.5674,-4.3882,-3.8116,1
-1.7582,2.7397,-2.5323,-2.234,1
5.1129,-0.49871,0.62863,1.1189,0
-1.7886,-6.3486,5.6154,0.42584,1
0.57461,10.1105,-1.6917,-4.3922,0
4.8368,10.0132,-4.3239,-4.3276,0
0.59823,3.5012,-3.9795,-1.7841,1
0.96441,5.8395,2.3235,0.066365,0
-0.52645,-0.24832,-0.45613,0.41938,1
4.1038,-4.8069,3.3491,-0.49225,0
-1.979,3.2301,-1.3575,-2.5819,1
-1.4174,-2.2535,1.518,0.61981,1
-3.9172,2.6652,0.78886,-0.7819,1
-3.8483,-12.8047,15.6824,-1.281,1
-2.234,-7.0314,7.4936,0.61334,1
-2.1674,0.12415,-1.0465,-0.86208,1
0.33325,3.3108,-4.5081,-4.012,1
3.2403,-3.7082,5.2804,0.41291,0
0.16358,-3.3584,1.3749,1.3569,1
-3.6227,3.9958,-0.35845,-3.9047,1
4.2756,-2.6528,2.1375,0.94437,0
2.1943,4.5503,-4.976,-2.7254,1
0.39012,-0.14279,-0.031994,0.35084,1
5.0452,3.8964,-1.4304,0.86291,0
3.9414,-3.2902,3.1674,1.0866,0
0.19081,9.1297,-3.725,-5.8224,0
-2.2501,3.3129,-0.88369,-2.8974,1
-6.2815,6.6651,0.52581,-7.0107,1
5.3915,9.9946,-3.8081,-3.3642,0
1.2746,8.8172,-1.5323,-1.7957,0
-0.97325,-6.4168,5.6026,1.0323,1
-1.7559,11.9459,3.0946,-4.8978,0
2.3969,0.23589,4.8477,1.437,0
2.565,8.633,-2.9941,-1.3082,0
-1.005,0.084831,-0.2462,0.45688,1
-0.24745,1.9368,-2.4697,-0.80518,1
2.3066,3.5364,0.57551,0.41938,0
3.0329,2.2948,2.1135,0.35084,0
1.645,7.8612,-0.87598,-3.5569,0
2.1948,1.3781,1.1582,0.85774,0
0.77124,9.0862,-1.2281,-1.4996,0
-1.9423,0.3766,-1.2898,-0.82458,1
0.66365,-0.045533,-0.18794,0.23447,1
5.2868,3.257,-1.3721,1.1668,0
-3.2692,-12.7406,15.5573,-0.14182,1
-1.2667,2.8183,-2.426,-1.8862,1
4.223,1.1319,0.72202,0.96118,0
-0.56877,1.4174,-1.4252,-1.1246,1
-1.5078,-7.3191,7.8981,1.2289,1
-0.71494,-4.4448,2.2241,0.49826,1
-1.0555,0.79459,-1.6968,-0.46768,1
-0.27068,3.2674,-3.5562,-3.0888,1
-0.98193,2.7956,-1.2341,-1.5668,1
3.4805,9.7008,-3.7541,-3.4379,0
-0.55648,3.2136,-3.3085,-2.7965,1
0.11592,3.2219,-3.4302,-2.8457,1
5.438,9.4669,-4.9417,-3.9202,0
-5.1661,8.0433,0.044265,-4.4983,1
-3.3582,-7.2404,11.4419,-0.57113,1
4.2188,6.8162,-1.2804,0.76076,0
-1.1306,1.8458,-1.3575,-1.3806,1
-0.89409,3.1991,-1.8219,-2.9452,1
0.22432,-0.52147,-0.40386,1.2017,1
-3.506,-12.5667,15.1606,-0.75216,1
3.9166,10.2491,-4.0926,-4.4659,0
-2.3898,-0.78427,3.0141,0.76205,1
-2.0545,-10.8679,9.4926,-1.4116,1
-0.38214,8.3909,2.1624,-3.7405,0
-2.0891,-0.48422,1.704,1.7435,1
1.4884,3.6274,3.308,0.48921,0
0.066129,2.4914,-2.9401,-0.62156,1
3.6922,-3.9585,4.3439,1.3517,0
1.4896,3.4288,-4.0309,-1.4259,1
-2.5346,-0.77392,3.3602,0.00171,1
2.3718,7.4908,0.015989,-1.7414,0
-1.522,-6.6383,5.7491,-0.10691,1
3.9102,6.065,-2.4534,-0.68234,0
-6.9599,8.9931,0.2182,-4.572,1
-2.9786,2.3445,0.52667,-0.40173,1
-4.1244,3.7909,-0.6532,-4.1802,1
2.6415,7.586,-0.28562,-1.6677,0
2.6606,3.1681,1.9619,0.18662,0
-0.90784,-7.9026,6.7807,0.34179,1
4.0948,-2.9674,2.3689,0.75429,0
2.9163,10.8306,-3.3437,-4.122,0
-0.71868,-5.7154,3.8298,1.0233,1
2.8672,10.0008,-3.2049,-3.1095,0
-1.8356,-6.7562,5.0585,-0.55044,1
-1.2424,-1.7175,-0.52553,-0.21036,1
3.8417,10.0215,-4.2699,-4.9159,0
-0.89809,-4.4862,2.2009,0.50731,1
3.3397,-4.6145,3.9823,-0.23751,0
-0.77288,-7.4473,6.492,0.36119,1
-0.36506,2.8928,-3.6461,-3.0603,1
-2.4349,-9.2497,8.9922,-0.50001,1
-1.9983,-6.6072,4.8254,-0.41984,1
0.64295,7.1018,0.3493,-0.41337,0
0.85574,0.0082678,6.6042,-0.53104,0
-6.0598,9.2952,-0.43642,-6.3694,1
1.5904,2.2121,-3.1183,-0.11725,1
3.8496,9.7939,-4.1508,-4.4582,0
-3.7244,1.9037,-0.035421,-2.5095,1
0.76163,5.8209,1.1959,-0.64613,0
0.46901,-0.63321,7.3848,0.36507,0
1.1676,9.1566,-2.0867,-0.80647,0
4.6499,7.6336,-1.9427,-0.37458,0
0.39559,6.8866,1.0588,-0.67587,0
-0.278,8.1881,-3.1338,-2.5276,0
-0.278,8.1881,-3.1338,-2.5276,0
1.762,4.3682,2.1384,0.75429,0
3.9262,6.0299,-2.0156,-0.065531,0
1.4501,3.6067,-4.0557,-1.5966,1
-0.3489,3.1929,-3.4054,-3.1832,1
-0.16735,7.6274,1.2061,-3.6241,0
-2.4458,1.6285,-0.88541,-1.4802,1
-2.3518,-4.8359,6.6479,-0.060358,1
1.0284,9.767,-1.3687,-1.7853,0
2.4287,9.3821,-3.2477,-1.4543,0
1.3403,4.1323,-4.7018,-2.5987,1
-4.0025,-13.4979,17.6772,-3.3202,1
-1.8387,-6.301,5.6506,0.19567,1
-0.38388,-1.0471,8.0514,0.49567,0
2.8033,9.0862,-3.3668,-1.0224,0
0.37637,-0.82358,0.78543,0.74524,1
3.6667,4.302,0.55923,0.33791,0
-2.3299,-9.9532,8.4756,-1.8733,1
-1.5228,-6.4789,5.7568,0.87325,1
1.7748,-0.76978,5.5854,1.3039,0
-3.3458,-0.50491,2.6328,0.53705,1
-1.4233,-0.98912,2.3586,0.39481,1
-2.6479,10.1374,-1.331,-5.4707,0
-2.6479,10.1374,-1.331,-5.4707,0
-2.6479,10.1374,-1.331,-5.4707,0
-5.9034,6.5679,0.67661,-6.6797,1
-0.95923,0.091039,6.2204,-1.4828,0
2.9742,8.96,-2.9024,-1.0379,0
-4.7331,-6.1789,11.388,-1.0741,1
-1.3389,1.552,7.0806,1.031,0
3.5257,1.2829,1.9276,1.7991,0
5.4021,3.1039,-1.1536,1.5651,0
2.0922,-6.81,8.4636,-0.60216,0
2.3917,4.5565,-4.9888,-2.8987,1
2.4012,1.6223,3.0312,0.71679,0
-2.1333,1.5685,-0.084261,-1.7453,1
-3.4083,4.8587,-0.76888,-4.8668,1
4.0552,0.40143,1.4563,0.65343,0
0.25943,5.0097,-5.0394,-6.3862,1
2.108,6.7955,-0.1708,0.4905,0
1.7875,4.78,-5.1362,-3.2362,1
4.0552,-2.4583,2.2806,1.0323,0
0.6005,1.9327,-3.2888,-0.32415,1
-5.119,6.6486,-0.049987,-6.5206,1
-2.4365,3.6026,-1.4166,-2.8948,1
2.9543,1.076,0.64577,0.89394,0
0.74307,11.17,-1.3824,-4.0728,0
3.8584,0.78425,1.1033,1.7008,0
-4.8554,-5.9037,10.9818,-0.82199,1
0.0031201,-4.0061,1.7956,0.91722,1
-4.4775,-13.0303,17.0834,-3.0345,1
-2.9098,-10.0712,8.4156,-1.9948,1
-0.9607,2.6963,-3.1226,-1.3121,1
1.0135,8.4551,-1.672,-2.0815,0
-4.4018,-12.9371,15.6559,-1.6806,1
-0.41645,0.32487,-0.33617,-0.36036,1
-3.9934,5.8333,0.54723,-4.9379,1
0.27331,4.8773,-4.9194,-5.8198,1
-1.7015,-0.010356,-0.99337,-0.53104,1
3.5127,2.9073,1.0579,0.40774,0
-0.3481,-0.38696,-0.47841,0.62627,1
2.7831,10.9796,-3.557,-4.4039,0
-2.4198,-0.24418,0.70146,0.41809,1
-2.4115,-9.1359,9.3444,-0.65259,1
0.74428,-3.7723,1.6131,1.5754,1
2.7161,-4.2006,4.1914,0.16981,0
0.80355,2.8473,4.3439,0.6017,0
2.0962,2.4769,1.9379,-0.040962,0
-0.40804,0.54214,-0.52725,0.6586,1
-4.577,3.4515,0.66719,-0.94742,1
-1.8391,-9.0883,9.2416,-0.10432,1
-3.8552,3.5219,-0.38415,-3.8608,1
5.681,7.795,-2.6848,-0.92544,0
2.2279,4.0951,-4.8037,-2.1112,1
-1.8483,0.31038,0.77344,1.4189,1
0.025013,3.3998,-4.4327,-4.2655,1
-2.5754,-5.6574,6.103,0.65214,1
0.4339,5.5395,2.033,-0.40432,0
0.88444,6.5906,0.55837,-0.44182,0
3.4669,6.87,-1.0568,-0.73147,0
-4.0214,-12.8006,15.6199,-0.95647,1
2.2634,-4.4862,3.6558,-0.61251,0
0.049175,6.1437,1.7828,-0.72113,0
-2.7723,3.2777,-0.9351,-3.1457,1
2.0153,1.8479,3.1375,0.42843,0
3.5499,8.6165,-3.2794,-1.2009,0
-2.3211,3.166,-1.0002,-2.7151,1
4.0446,11.1741,-4.3582,-4.7401,0
-0.24037,-1.7837,2.135,1.2418,1
0.98296,3.4226,-3.9692,-1.7116,1
-2.4953,11.1472,1.9353,-3.4638,0
-1.3971,3.3191,-1.3927,-1.9948,1
2.8084,11.3045,-3.3394,-4.4194,0
-0.023579,7.1742,0.78457,-0.75734,0
-2.3142,2.0838,-0.46813,-1.6767,1
1.3566,4.2358,2.1341,0.3211,0
5.4944,1.5478,0.041694,1.9284,0
-1.8448,1.254,0.27218,-1.0728,1
3.6216,8.6661,-2.8073,-0.44699,0
-0.45062,-1.3678,7.0858,-0.40303,0
-2.1405,-0.16762,1.321,-0.20906,1
-3.793,-12.7095,12.7957,-2.825,1
-0.33729,-0.64976,7.6659,0.72326,0
5.1731,3.9606,-1.983,0.40774,0
-1.8187,-9.0366,9.0162,-0.12243,1
-1.6244,-6.3444,4.6575,0.16981,1
5.3063,5.2684,-2.8904,-0.52716,0
4.1962,0.74493,0.83256,0.753,0
3.2294,7.7391,-0.37816,-2.5405,0
0.11806,0.39108,-0.98223,0.42843,1
1.8664,7.7763,-0.23849,-2.9634,0
-0.66008,-3.226,3.8058,1.1836,1
4.7114,2.0755,-0.2702,1.2379,0
2.6881,6.0195,-0.46641,-0.69268,0
-1.2244,1.7485,-1.4801,-1.4181,1
-6.1632,8.7096,-0.21621,-3.6345,1
-0.53966,7.3273,0.46583,-1.4543,0
-2.1802,3.3791,-1.2256,-2.6621,1
-4.2333,4.9166,-0.49212,-5.3207,1
3.1887,-3.4143,2.7742,-0.2026,0
-0.94255,0.039307,-0.24192,0.31593,1
-2.588,3.8654,-0.3336,-1.2797,1
4.1454,7.257,-1.9153,-0.86078,0
-6.4247,9.5311,0.022844,-6.8517,1
-1.4446,2.1438,-0.47241,-1.6677,1
4.0524,5.6802,-1.9693,0.026279,0
4.2586,11.2962,-4.0943,-4.3457,0
4.3848,-3.0729,3.0423,1.2741,0
-3.8073,-8.0971,10.1772,0.65084,1
3.9994,0.90427,1.1693,1.6892,0
3.8962,-4.7904,3.3954,-0.53751,0
-4.3876,-7.7267,11.9655,-1.4543,1
0.88992,2.2638,-3.1046,-0.11855,1
3.2414,0.40971,1.4015,1.1952,0
-3.6961,-13.6779,17.5795,-2.6181,1
2.3952,9.5083,-3.1783,-3.0086,0
-2.9915,-6.6258,8.6521,1.8198,1
-2.7769,-5.6967,5.9179,0.37671,1
-3.2051,-0.14279,0.97565,0.045675,1
-2.2083,-9.1069,8.9991,-0.28406,1
3.744,0.79459,0.95851,1.0077,0
-5.0676,-5.1877,10.4266,-0.86725,1
2.805,0.57732,1.3424,1.2133,0
-3.8167,5.1401,-0.65063,-5.4306,1
5.1321,-0.031048,0.32616,1.1151,0
4.4069,10.9072,-4.5775,-4.4271,0
-0.2951,9.0489,-0.52725,-2.0789,0
3.4647,-3.9172,3.9746,0.36119,0
0.54777,10.3754,-1.5435,-4.1633,0
4.9852,8.3516,-2.5425,-1.2823,0
2.549,6.1499,-1.1605,-1.2371,0
0.20216,1.9182,-3.2828,-0.61768,1
1.7331,3.9544,-4.7412,-2.5017,1
5.032,8.2026,-2.6256,-1.0341,0
-2.6864,-0.097265,0.61663,0.061192,1
-0.8734,-0.033118,-0.20165,0.55774,1
-1.0941,2.3072,-2.5237,-1.4453,1
3.8117,10.1457,-4.0463,-4.5629,0
4.2772,2.4955,0.48554,0.36119,0
-1.9551,-6.9756,5.5383,-0.12889,1
-1.5877,-6.6072,5.8022,0.31593,1
-2.3797,-1.4402,1.1273,0.16076,1
3.0672,-4.4117,3.8238,-0.81682,0
4.1349,6.1189,-2.4294,-0.19613,0
-1.6029,-0.38903,1.62,1.9103,1
2.5227,2.2369,2.7236,0.79438,0
2.0139,6.1416,0.37929,0.56938,0
-2.9138,-9.4711,9.7668,-0.60216,1
-3.7181,-8.5089,12.363,-0.95518,1
2.614,8.0081,-3.7258,-1.3069,0
1.3234,3.2964,0.2362,-0.11984,0
-2.5912,-0.10554,1.2798,1.0414,1
5.3586,3.7557,-1.7345,1.0789,0
-2.9821,4.1986,-0.5898,-3.9642,1
1.143,0.83391,5.4552,-0.56984,0
0.26877,4.987,-5.1508,-6.3913,1
-3.7503,-13.4586,17.5932,-2.7771,1
-2.8829,3.8964,-0.1888,-1.1672,1
-2.2625,-0.099335,2.8127,0.48662,1
3.7767,9.7794,-3.9075,-3.5323,0
-6.5084,8.7696,0.23191,-3.937,1
-1.0112,2.9984,-1.1664,-1.6185,1
2.1059,7.6046,-0.47755,-1.8461,0
3.8244,-3.1081,2.4537,0.52024,0
0.3223,-0.89808,8.0883,0.69222,0
5.8519,5.3905,-2.4037,-0.061652,0
0.81583,4.84,-5.2613,-6.0823,1
-0.70346,2.957,-3.5947,-3.1457,1
-1.3968,-9.6698,9.4652,-0.34872,1
3.9121,2.9735,0.92852,0.60558,0
-1.5681,-7.2446,6.5537,-0.1276,1
4.0932,5.4132,-1.8219,0.23576,0
3.9922,-4.4676,3.7304,-0.1095,0
1.5099,0.039307,6.2332,-0.30346,0
-2.6286,0.18002,1.7956,0.97282,1
-0.51003,-0.23591,0.020273,0.76334,1
3.5982,7.1307,-1.3035,0.21248,0
-2.62,-6.8555,6.2169,-0.62285,1
-0.539,-5.167,3.4399,0.052141,1
0.17346,7.8695,0.26876,-3.7883,0
-6.5773,6.8017,0.85483,-7.5344,1
0.12326,8.9848,-0.9351,-2.4332,0
-1.9922,11.6542,2.6542,-5.2107,0
5.6272,10.0857,-4.2931,-3.8142,0
2.1274,5.1939,-1.7971,-1.1763,0
1.934,-9.2828e-06,4.816,-0.33967,0
0.26637,0.73252,-0.67891,0.03533,1
0.74521,3.6357,-4.4044,-4.1414,1
3.4769,-0.15314,2.53,2.4495,0
2.7391,7.4018,0.071684,-2.5302,0
3.3299,0.91254,1.5806,0.39352,0
4.7926,1.7071,-0.051701,1.4926,0
-6.2003,8.6806,0.0091344,-3.703,1
-3.6012,-6.5389,10.5234,-0.48967,1
-4.5531,-12.5854,15.4417,-1.4983,1
-0.28015,3.0729,-3.3857,-2.9155,1
1.602,6.1251,0.52924,0.47886,0
-0.49948,1.7734,-2.2469,-0.68104,1
-0.30432,2.6528,-2.7756,-0.65647,1
2.8261,9.4007,-3.3034,-1.0509,0
-3.3924,3.3564,-0.72004,-3.5233,1
3.5156,10.1891,-4.2759,-4.978,0
3.2697,-4.3414,3.6884,-0.29829,0
-1.4377,-1.432,2.1144,0.42067,1
